{
    "metrics": {
        "url": "https://prometheus-prod-36-prod-us-west-0.grafana.net/api/prom/push",
        "basicAuth": {
            "username": "2254043",
            "password": "glc_eyJvIjoiNTY0MjcwIiwibiI6ImFlYmM4NmpvbnJpZ3VhbDU5My10ZWxlbWV0cnktcHVibGlzaGVyLXdzYS1yaWd1YWwtYm9vdGNhbXAiLCJrIjoiM3dBc0JlMTFSMkZZdDlQMzlGUDI1ckUyIiwibSI6eyJyIjoicHJvZC11cy13ZXN0LTAifX0="
        }
    },
    "logs": {
        "url": "https://logs-prod-021.grafana.net/api/prom/push",
        "basicAuth": {
            "username": "1122699",
            "password": "glc_eyJvIjoiNTY0MjcwIiwibiI6InN0YWNrLTExNjQ5MDAtaW50ZWdyYXRpb24tbG9raV90b2tlbiIsImsiOiJwdDZPZ29GN2oyMWFNMTh6bjZoVGQ0NTgiLCJtIjp7InIiOiJwcm9kLXVzLXdlc3QtMCJ9fQ=="
        }
    },
    "traces": {
        "url": "tempo-prod-15-prod-us-west-0.grafana.net:443",
        "basicAuth": {
            "username": "1117014",
            "password": "glc_eyJvIjoiNTY0MjcwIiwibiI6InN0YWNrLTExNjQ5MDAtYWxsb3ktdGVtcG8tdG9rZW4iLCJrIjoiUnZsT05SNmQ4OGsyOEw3SzdvdGJHOTMzIiwibSI6eyJyIjoicHJvZC11cy13ZXN0LTAifX0="
        }
    }   
}