{
    "title": "CPU Usage Alert Updated",
    "ruleGroup": "CPU Alerts",
    "folderUID": "decz2g1gkjzswa",
    "condition": "B",
    "data": [
        {
            "refId": "A",
            "queryType": "promql",
            "datasourceUid": "grafanacloud-prom",
            "relativeTimeRange": {
                "from": 300,
                "to": 0
            },
            "model": {
                "expr": "sum(rate(container_cpu_usage_seconds_total[5m]))",
                "interval": "",
                "legendFormat": "",
                "refId": "A"
            }
        },
        {
            "refId": "B",
            "queryType": "",
            "relativeTimeRange": {
                "from": 300,
                "to": 0
            },
            "datasourceUid": "-100",
            "model": {
                "conditions": [
                    {
                        "evaluator": {
                            "params": [
                                0.003
                            ],
                            "type": "gt"
                        },
                        "operator": {
                            "type": "and"
                        },
                        "query": {
                            "params": [
                                "A"
                            ]
                        },
                        "reducer": {
                            "params": [],
                            "type": "last"
                        },
                        "type": "query"
                    }
                ],
                "type": "classic_conditions"
            }
        }
    ],
    "noDataState": "NoData",
    "execErrState": "Alerting",
    "for": "5m"
}